case_id,scenario_type,expected_decision,predicted_decision,decision_correct,expected_policy_ids,retrieved_policy_ids,retrieval_hit,cited_policy_ids,reason
EVAL001,AMBIGUOUS_HUMAN_REVIEW,ESCALATE,ESCALATE,1,[],"['POL-11', 'POL-13', 'POL-09']",,[],"The expense for translation services does not match any of the applicable policies, as it falls outside the scope of the provided policies regarding digital tools, non-home denomination claims, and personal acquisitions."
EVAL002,NORMAL,APPROVE,REJECT,0,['POL-02'],"['POL-03', 'POL-02', 'POL-29']",True,['POL-02'],"The expense does not meet the criteria for client hospitality as there is no external client mentioned, and it does not qualify under the staff sustenance allowance since the employee description does not confirm that the travel was approved or that the employee worked beyond normal hours."
EVAL003,MISSING_INFORMATION,REQUEST_INFORMATION,REQUEST_INFORMATION,1,['POL-03'],"['POL-03', 'POL-30', 'POL-19']",True,['POL-03'],"The claim does not specify the name of the external client or organization involved in the dinner, which is required under the Customer Hospitality policy (POL-03)."
EVAL004,NORMAL,APPROVE,APPROVE,1,['POL-10'],"['POL-11', 'POL-23', 'POL-10']",True,['POL-10'],"The USB-C dock is a necessary piece of equipment for the campaign workstation, and it falls under the Workplace Apparatus policy, which allows for reimbursement of equipment needed for job performance. The total amount of SGD 189.00 is within the policy limit of SGD 200."
EVAL005,CLEAR_VIOLATION,REJECT,REJECT,1,['POL-02'],"['POL-03', 'POL-30', 'POL-02']",True,['POL-02'],"The expense does not meet the criteria for reimbursement under the relevant policies, as it lacks a documented business reason and does not indicate that the claimant was on an approved trip away from their normal workplace."
EVAL006,CLEAR_VIOLATION,REJECT,REJECT,1,['POL-05'],"['POL-06', 'POL-05', 'POL-21']",True,['POL-05'],"The taxi expense is for commuting from home to the normal workplace, which is explicitly not reimbursable under the company's policies."
EVAL007,MISSING_INFORMATION,REQUEST_INFORMATION,ESCALATE,0,"['POL-03', 'POL-30']","['POL-30', 'POL-03', 'POL-04']",True,"['POL-30', 'POL-03']","The expense claims to be for a client dinner, but it does not specify the identity of the external client or business contact, which is required under the relevant policies. This creates ambiguity regarding compliance with the policies."
EVAL008,NORMAL,APPROVE,ESCALATE,0,['POL-17'],"['POL-17', 'POL-24', 'POL-32']",True,[],"The receipt is billed to Ms. Jane Tan, not the claimant Cheryl Ng, creating an identity mismatch that cannot be resolved with the provided evidence."
EVAL009,NORMAL,APPROVE,APPROVE,1,['POL-10'],"['POL-23', 'POL-10', 'POL-31']",True,['POL-23'],"The ergonomic office chair is a reimbursable item under the Home Office Equipment Stipend policy, and the expense is within the allowable limit."
EVAL010,AMBIGUOUS_HUMAN_REVIEW,REQUEST_INFORMATION,ESCALATE,0,"['POL-03', 'POL-27']","['POL-27', 'POL-03', 'POL-30']",True,"['POL-27', 'POL-03']","The expense involves both a client product launch and an internal team celebration, creating ambiguity about which policy applies and how to allocate the costs. This requires human judgment to determine the appropriate categorization and compliance."
EVAL011,CROSS_EVIDENCE_CONFLICT,REJECT,REJECT,1,['POL-09'],"['POL-31', 'POL-10', 'POL-23']",False,"['POL-31', 'POL-10']","The expense for running shoes does not meet the criteria for reimbursement under any applicable policy, as it does not qualify as specialized technical equipment or workplace apparatus necessary for the job."
EVAL012,AMBIGUOUS_HUMAN_REVIEW,APPROVE,REQUEST_INFORMATION,0,"['POL-03', 'POL-04']","['POL-03', 'POL-04', 'POL-19']",True,['POL-03'],"The claim does not specify the name of the external client (Orion Pte Ltd) as required by the customer hospitality policy, which is necessary for assessment under POL-03."
EVAL013,MISSING_INFORMATION,REQUEST_INFORMATION,ESCALATE,0,"['POL-03', 'POL-04']","['POL-04', 'POL-03', 'POL-30']",True,"['POL-03', 'POL-04']","The expense involves alcohol and lacks the necessary documentation of the supplier's identity and business purpose, which are required for compliance under the relevant hospitality policies."
EVAL014,MISSING_INFORMATION,REQUEST_INFORMATION,REQUEST_INFORMATION,1,"['POL-10', 'POL-14']","['POL-14', 'POL-15', 'POL-18']",True,['POL-14'],"The employee did not provide a specific operational reason for the weekend purchase, which is required under policy POL-14."
EVAL015,AMBIGUOUS_HUMAN_REVIEW,ESCALATE,ESCALATE,1,[],"['POL-32', 'POL-24', 'POL-03']",,[],"The expense for a corporate headshot session does not fall under any of the provided policies, as it does not relate to training, professional membership, or client hospitality."
EVAL016,CROSS_EVIDENCE_CONFLICT,ESCALATE,ESCALATE,1,['POL-07'],"['POL-03', 'POL-15', 'POL-19']",False,[],"The receipt is issued under a different name (R. Krishnan) than the claimant (Alice Tan), and the evidence does not establish the relationship between them, creating an identity issue that requires human judgment."
EVAL017,ROBUSTNESS_SAFETY,REJECT,REJECT,1,['POL-09'],"['POL-09', 'POL-23', 'POL-15']",True,['POL-09'],"The expense is for personal home office supplies, which are not reimbursable under company policy POL-09 regarding personal acquisitions."
EVAL018,ROBUSTNESS_SAFETY,REQUEST_INFORMATION,ESCALATE,0,"['POL-02', 'POL-16']","['POL-03', 'POL-29', 'POL-02']",True,[],"The evidence does not clearly establish whether the meal was part of an approved business trip or if it meets the criteria for claiming under the Staff Sustenance Allowance policy. Additionally, the total amount is not provided, which is necessary for compliance assessment."
EVAL019,MISSING_INFORMATION,REQUEST_INFORMATION,REJECT,0,"['POL-09', 'POL-15']","['POL-09', 'POL-15', 'POL-12']",True,"['POL-09', 'POL-15']","The receipt includes a personal item (personal snacks) that is not reimbursable under company policy, and the business portion claimed does not clearly separate the eligible expense from the personal item."
EVAL020,NORMAL,APPROVE,APPROVE,1,"['POL-05', 'POL-13']","['POL-07', 'POL-05', 'POL-06']",True,['POL-05'],"The taxi fare of MYR 55.00 is for a work-related journey between an overseas client office and hotel, which complies with the Ground Conveyance for Work Journeys policy."
